{
  "goal_id": "G-U0010-02",
  "baseline": "ours",
  "stage": "stage2",
  "timestamp": "2026-04-12T07:34:27.663333",
  "metrics": {
    "coverage@k": 0.3125,
    "token_reduction_rate": 0.9040178571428571,
    "redundancy_reduction": 0.09803921568627451,
    "goal_alignment_score": 0.10000000000000002,
    "actionability_score": 1.0,
    "llm_judge_score": 0.0,
    "evidence_unit_count": 3
  },
  "elapsed_sec": 0.025
}