{
  "goal_id": "G-U0002-02",
  "baseline": "ours",
  "stage": "stage2",
  "timestamp": "2026-04-12T07:00:10.665692",
  "metrics": {
    "coverage@k": 0.0,
    "token_reduction_rate": 0.9317343173431735,
    "redundancy_reduction": 0.06666666666666667,
    "goal_alignment_score": 0.1111111111111111,
    "actionability_score": 1.0,
    "llm_judge_score": 0.0,
    "evidence_unit_count": 3
  },
  "elapsed_sec": 0.03
}